{"cameraMode":{"drawMode":0,"name":"Shaded","section":"Shading Mode"},"sceneLighting":false,"audioPlay":false,"sceneViewState":{"showFog":false,"showMaterialUpdate":false,"showSkybox":false,"showFlares":true,"showImageEffects":true,"showParticleSystems":true},"in2DMode":false,"pivot":{"x":0.009519815444946289,"y":5.0,"z":-0.01898193359375},"rotation":{"x":-0.013008693233132363,"y":0.9361981749534607,"z":-0.3495147228240967,"w":-0.034841299057006839},"size":28.596996307373048,"orthographic":false}